Title,Link
גביניות אליפות,http://www.bazekalim.com/2018/05/16/best-cheese-danish/
עוגיות חמאה חפיפניקיות,http://www.bazekalim.com/2018/03/01/slice-and-bake-butter-cookies/
טראפלס פירות יבשים,http://www.bazekalim.com/2018/02/21/apricot-balls/
חמין חיטה לעצלני על,http://www.bazekalim.com/2018/01/04/lazy-wheat-chulent/
גאלט ביסקוויט תפוח פטנט,http://www.bazekalim.com/2017/11/12/apple-biscuit-galette/
ערגליות ביתיות,http://www.bazekalim.com/2017/11/01/homemade-argaliot/
"יומן מסע יפן, חלק א' – טוקיו",http://www.bazekalim.com/2017/10/21/japan-travelog-tokyo/
3 מתכונים קצרצרים עם משמשים,http://www.bazekalim.com/2017/07/08/3-apricot-recipes/
עוגת גבינה על הגז,http://www.bazekalim.com/2017/05/28/stovetop-cheesecake/
עוגיות שוקולד צ'יפ עם חמאה מומסת,http://www.bazekalim.com/2017/03/29/tara-obradys-choc-chip-cookies/
מג'דרה בשישים שניות עבודה,http://www.bazekalim.com/2017/03/17/majadarah/
עוגת בטטה ושוקולד צ'יפס,http://www.bazekalim.com/2016/12/22/sweet-potato-choc-chip-cake/
לחם גרעינים דרום אפריקני,http://www.bazekalim.com/2016/11/26/nelson-ish-bread/
ללמוד צרפתית ולזלול חודש בפריז,http://www.bazekalim.com/2016/10/13/august-in-paris/
עוגיות אנרגיה ביתיות,http://www.bazekalim.com/2016/10/02/power-breakfast-bars/
גלויה מצפון אירלנד,http://www.bazekalim.com/2016/09/20/northern-ireland/
קציצות טופו ברוטב חמוץ מתוק,http://www.bazekalim.com/2016/06/19/sweet-and-sour-tofu-meatballs/
עוגת מוס שוקולד גבינה,http://www.bazekalim.com/2016/06/09/chocolate-icebox-cheesecake/
עוגת גבינה טבעונית,http://www.bazekalim.com/2016/04/17/vegan-cheesecake/
עוגת לימון ומאצ'ה,http://www.bazekalim.com/2016/04/06/lemon-matcha-cake/
ריזוטו פתיתים בעגבניות ועוף,http://www.bazekalim.com/2016/03/12/orzo-risotto/
סוכריות קרמל מלוח מזוייפות,http://www.bazekalim.com/2016/02/11/vegan-salted-caramels/
טארט נוצ'ולה פטנט,http://www.bazekalim.com/2015/12/31/easy-peasy-praline-tart/
"עוף ברוטב ""בטטה"" (חח לא באמת)",http://www.bazekalim.com/2015/12/21/instant-soup-mix-chicken/
עוגיות נוטלה בחמש דקות,http://www.bazekalim.com/2015/11/30/nutella-cookies/
סיציליה,http://www.bazekalim.com/2015/11/13/sicily/
מלפפונים ברוטב מיסו,http://www.bazekalim.com/2015/10/21/cucumber-miso-salad/
פסטה ברוטב שמנת בטטה עם פטנט,http://www.bazekalim.com/2015/09/26/one-pot-sweet-potato-pasta/
עוגות לבה קרמל חלבה,http://www.bazekalim.com/2015/09/10/molten-halva-cakes/
חיתוכיות דבש ושוקולד פטנט,http://www.bazekalim.com/2015/09/07/salted-honey-toffee-squares/
גואי בראון באטר בארז,http://www.bazekalim.com/2015/07/19/gooey-butter-bars/
פסטו גזר,http://www.bazekalim.com/2015/07/02/carrot-pesto/
המבורגר הודו,http://www.bazekalim.com/2015/06/15/turkey-burgers/
עוגיות קרקרים,http://www.bazekalim.com/2015/06/06/cracker-cookies/
שוקולד לבן מקורמל,http://www.bazekalim.com/2015/05/22/caramelized-white-chocolate/
סלט סלק וגזר מג'ונג'ר,http://www.bazekalim.com/2015/04/29/carrot-beet-salad/
פאי באטרסקוצ' בייגלה,http://www.bazekalim.com/2015/04/02/pretzel-butterscotch-cream-pie/
מרק קרם עגבניות וחומוס,http://www.bazekalim.com/2015/02/13/creamy-tomato-pantry-soup/
קואין אמאן,http://www.bazekalim.com/2015/01/29/kouign-amann/
תרד מוקרם + סטייק סלמון,http://www.bazekalim.com/2015/01/10/creamed-spinach-salmon-steak/
עוגת טורט קרמבו,http://www.bazekalim.com/2014/12/15/krembo-torte/
דגני בוקר ביתיים,http://www.bazekalim.com/2014/11/26/homemade-graham-nuts/
עוף מוקפץ עם חסה,http://www.bazekalim.com/2014/11/04/quick-lettuce-chicken/
דאמפלינגז ברוטב טופי ספרייט,http://www.bazekalim.com/2014/10/25/sprite-dumplings/
מאפינס תפוח ודבש ללא גלוטן,http://www.bazekalim.com/2014/09/23/gf-apple-honey-muffins/
פירורי עוף בחמאת בוטנים,http://www.bazekalim.com/2014/09/19/stir-fried-ground-chicken/
חוברת בצק אלים מס' 4 – הגליון האיטלקי,http://www.bazekalim.com/2014/09/11/hoveret4/
"עוגת ""דייניש"" גבינה",http://www.bazekalim.com/2014/09/09/danish-cheesecake/
"סלט קייל בנוסח ""אוק""",http://www.bazekalim.com/2014/08/25/oaks-kale-salad/
עוגת אחו ירוקה,http://www.bazekalim.com/2014/06/16/robertas-parsley-cake/
"צ'יזקבב על פיתה בנוסח ""המנזר""",http://www.bazekalim.com/2014/06/08/cheesy-kebab-flatbreads/
פיצת עוגת גבינה ופירורים,http://www.bazekalim.com/2014/06/03/cheesecake-pizza/
"פסטה ברוטב ""אלפרדו"" מזוייף",http://www.bazekalim.com/2014/05/27/fake-pasta-alfredo/
גלויה מליון ובורגנדי,http://www.bazekalim.com/2014/05/12/lyon-burgundy-weekend/
עוף פטישים,http://www.bazekalim.com/2014/04/13/marsala-glazed-chicken/
פלאן לוטוס,http://www.bazekalim.com/2014/04/07/spiced-speculoos-flan/
אקלר עוגת גבינה ותותים,http://www.bazekalim.com/2014/03/28/strawberry-cheesecake-eclairs/
ארטיק תותים בשמנת,http://www.bazekalim.com/2014/03/27/easy-strawberry-pops/
פודינג תות ורדים,http://www.bazekalim.com/2014/03/25/scarlet-rose-berry-pudding/
סוכריות ג'לי תות חמוצות,http://www.bazekalim.com/2014/03/24/sour-strawberry-fizzies/
קובלר תות על הכיריים,http://www.bazekalim.com/2014/03/23/stovetop-strawberry-dumplings/
סירופ להכנת שוקו משובח,http://www.bazekalim.com/2014/03/18/homemade-chocolate-milk/
סלט דלעת נא,http://www.bazekalim.com/2014/03/16/raw-pumpkin-salad/
סיגרים עם בשר,http://www.bazekalim.com/2014/02/25/beef-cigars/
כרובית וטופו ברוטב תפוזים פיקנטי,http://www.bazekalim.com/2014/02/11/orange-cauliflower/
בצק עוגיות מזוייף,http://www.bazekalim.com/2014/01/26/raw-cookie-dough/
שניצלוני דג בציפוי צ'יפס,http://www.bazekalim.com/2014/01/11/fish-sticks/
עוגיות מרציפן וריבה,http://www.bazekalim.com/2014/01/03/jamarettis/
מרק צ'ילי עם בשר,http://www.bazekalim.com/2013/12/25/chili-beef-soup/
עוגת היער השחור,http://www.bazekalim.com/2013/11/25/black-forest-cake/
פד תאי משופצר,http://www.bazekalim.com/2013/11/01/pad-thai/
ללכת לאיבוד בטאיוואן – חלק ב',http://www.bazekalim.com/2013/10/09/lost-in-taiwan-part-2/
ללכת לאיבוד בטאיוואן – חלק א',http://www.bazekalim.com/2013/09/25/lost-in-taiwan/
אגוזים מג'ונג'רים,http://www.bazekalim.com/2013/09/04/gingered-nuts/
תורת המיץ הסחוט הביתי,http://www.bazekalim.com/2013/08/18/fuss-free-juicing-101/
רביולי מהיר בווינגרט בזיליקום,http://www.bazekalim.com/2013/08/09/quick-basil-ravioli/
גספאצ'ו – מרק עגבניות קר,http://www.bazekalim.com/2013/07/18/quick-gazpacho/
עוף בבוטנים עם פטנט,http://www.bazekalim.com/2013/07/08/easy-peanut-chicken/
עוגת פרי עם קרם ופירורים,http://www.bazekalim.com/2013/06/19/easy-crumb-cake/
"פולין, לא מה שחשבתם",http://www.bazekalim.com/2013/06/11/warsaw-culinary-tour/
גראטן ניוקי,http://www.bazekalim.com/2013/05/09/gnocchi-gratin/
עוגיות בננה בקלי קלות,http://www.bazekalim.com/2013/04/27/easy-banana-cookies/
תפריט מנגל מלא ל-12 איש,http://www.bazekalim.com/2013/04/14/special-bbq-project/
שפרד'ז פאי רומני,http://www.bazekalim.com/2013/04/05/chicken-polenta-skillet-pie/
עוגת מוס לימון,http://www.bazekalim.com/2013/03/24/passover-lemon-mousse-cake/
עוגיות קרים פאי,http://www.bazekalim.com/2013/03/19/oatmeal-cream-pies/
"חוברת ""בצק אלים"" – גליון מס' 3",http://www.bazekalim.com/2013/03/14/bazekalim-third-issue/
העוף שאהב תות,http://www.bazekalim.com/2013/03/06/strawberry-glazed-chicken/
אוזני המן מושלמות,http://www.bazekalim.com/2013/02/14/oznei-haman/
גלידת קרמבו בקלי-קלות,http://www.bazekalim.com/2013/02/02/krembo-ice-cream/
הכרובית של אייל שני,http://www.bazekalim.com/2013/01/26/eyals-extra-special-cauliflower/
רסק תפוחים ביתי + בונוסים,http://www.bazekalim.com/2013/01/18/homemade-applesauce/
"סופ""ש חלומי במחוז בראטן, צרפת",http://www.bazekalim.com/2013/01/10/bretagne-france/
פסטה ביתית ללא מכונה,http://www.bazekalim.com/2013/01/04/homemade-frascatelli/
סלט ברוקולי נא,http://www.bazekalim.com/2012/12/26/broccoli-slaw/
צ'וריסו קון פאפז,http://www.bazekalim.com/2012/12/14/chorizo-con-papas/
מקסיקו למתקדמים,http://www.bazekalim.com/2012/12/02/mexico/
פונדנט ריבת חלב,http://www.bazekalim.com/2012/10/19/molten-dolce-de-leche-cakes/
ריבועי סניקרס ביתיים,http://www.bazekalim.com/2012/09/23/homemade-snickers-bars/
עוף א לה גווינית',http://www.bazekalim.com/2012/08/11/chicken-a-la-gwyneth/
טארט דובדבנים פטנט ללא רידוד,http://www.bazekalim.com/2012/07/20/no-roll-cherry-tart/
"סלט ""פפאיה"" מזוייף",http://www.bazekalim.com/2012/06/07/mock-papaya-salad/
מלבי קורנפלקס מטריף,http://www.bazekalim.com/2012/05/25/cereal-milk-malabi/
הפבלובה המושלמת,http://www.bazekalim.com/2012/04/05/pavlova/
עוף בזעתר עם סלסת לימונים,http://www.bazekalim.com/2012/03/29/zaatar-chicken/
5 שנים לבצק אלים + חוברת חדשה,http://www.bazekalim.com/2012/03/25/bazekalim-second-issue/
צ'יקן פוט פאי,http://www.bazekalim.com/2012/02/08/chicken-pot-pie/
המלצות לפריז – סיבוב שני,http://www.bazekalim.com/2012/01/26/paris-round-two/
עוגיות ג'ינג'ר תפוזים בחמש דקות,http://www.bazekalim.com/2011/12/28/one-bowl-ginger-cookies/
מרק עגבניות צלויות,http://www.bazekalim.com/2011/11/09/roasted-tomato-soup/
קציצות עוף ברימונים על פירה בטטה,http://www.bazekalim.com/2011/09/30/pomegranate-meatballs/
"""בצק אלים"" – גיליון מס' 1",http://www.bazekalim.com/2011/09/22/bazekalim-first-issue/
הראיון המלא עם מרת'ה סטיוארט,http://www.bazekalim.com/2011/09/17/a-martha-moment/
בלוג דיי 2011,http://www.bazekalim.com/2011/08/31/blog-day-2011/
טארט טאטן משמשים,http://www.bazekalim.com/2011/07/05/tarte-tatin/
אם כבר ברצלונה – כמה המלצות,http://www.bazekalim.com/2011/06/17/barcelona/
פנה קוטה למאותגרי ג'לטין,http://www.bazekalim.com/2011/06/01/shortcut-panna-cotta/
שלושה שדרוגי ברביקיו קלים,http://www.bazekalim.com/2011/05/09/barbecue-thingies/
דוקטורט: המקרון המושלם,http://www.bazekalim.com/2011/04/16/macaron-101/
חיסול חמץ ממוקד: בוסטוק שקדים,http://www.bazekalim.com/2011/04/09/bostock/
עוגת פודינג שוקולד גינס,http://www.bazekalim.com/2011/03/16/chocolate-guinness-fudge-cake/
נשנושי חומוס פריכים,http://www.bazekalim.com/2011/03/03/crispy-hummus/
פריז בארבעה שלבים פשוטים,http://www.bazekalim.com/2011/02/20/things-to-do-in-paris/
בצק אלים טייק אווי – המנצח,http://www.bazekalim.com/2011/01/17/bazekalim-takeaway-winner/
בצק אלים טייק אווי,http://www.bazekalim.com/2011/01/10/bazekalim-takeaway/
עוף בקשיו ללא קשיו,http://www.bazekalim.com/2010/12/28/cashew-chicken/
מרק עוף רב תכליתי,http://www.bazekalim.com/2010/12/15/chicken-soup/
לביבות גבינה פשוטות,http://www.bazekalim.com/2010/12/01/cheese-fritters/
אין בסופר? מכינים חמאה ביתית!,http://www.bazekalim.com/2010/11/15/homemade-butter/
9 ביקורי חובה בסן פרנסיסקו,http://www.bazekalim.com/2010/10/23/san-francisco-guide/
סלט תירס וזוקיני של סוף קיץ,http://www.bazekalim.com/2010/10/04/raw-corn-zucchini-salad/
עוגת שוקולד פאדג' שפויה,http://www.bazekalim.com/2010/09/18/lighter-fudge-cake/
קדירת חומוס וכרובית מעולה,http://www.bazekalim.com/2010/08/14/chickpea-stew/
שרבט תפוזים של קיץ,http://www.bazekalim.com/2010/07/21/orange-sherbet/
עוגת גבינה עם בצק עוגיות,http://www.bazekalim.com/2010/06/18/cookie-dough-cheesecake/
קיש ארבעת הבצלים,http://www.bazekalim.com/2010/05/16/onion-quiche/
פסטה עם עגבניות טריות,http://www.bazekalim.com/2010/04/19/fresh-tomato-pasta/
מרק רימונים וטפיוקה,http://www.bazekalim.com/2010/03/26/pomegranate-tapioca-soup/
עוגת קצפת בקערה אחת,http://www.bazekalim.com/2010/03/19/whipped-cream-cake/
נתחי עוף צרובים על סלט פול ואבוקדו,http://www.bazekalim.com/2010/02/25/chicken-fava-salad/
טארט השוקולד הקל ביקום,http://www.bazekalim.com/2010/02/08/easy-chocolate-tart/
שניצל אפוי בקלי קלות,http://www.bazekalim.com/2010/01/25/baked-shnizel/
תחרות הצילומים – התמונות שלכם,http://www.bazekalim.com/2009/12/26/contest/
סלט בטטה קל וקליל,http://www.bazekalim.com/2009/12/20/sweet-potato-salad/
קנאלה – עוגת פודינג קריספית,http://www.bazekalim.com/2009/12/05/canneles/
פסטה קרבונרה,http://www.bazekalim.com/2009/10/30/pasta-carbonara/
אז מה יש לחפש באיטליה?,http://www.bazekalim.com/2009/10/24/italy-amore-mio/
פילה עוף ברוטב קוקוס ובוטנים,http://www.bazekalim.com/2009/09/14/easy-coconut-peanut-chicken/
קוקילידה ביתית,http://www.bazekalim.com/2009/08/25/icecream-sandwich/
קארי עוף למתחילים,http://www.bazekalim.com/2009/07/16/curry-in-a-hurry/
ריבועי שוקולד וולקנו,http://www.bazekalim.com/2009/06/21/chocolate-revel-bars/
צזיקי עם קרקרים ביתיים,http://www.bazekalim.com/2009/05/27/tzaziki-with-homemade-crackers/
שלוש קטנות ליום העצמאות,http://www.bazekalim.com/2009/04/28/atzamaut-thingies/
טארט גבינה ותותים בזיגוג יין,http://www.bazekalim.com/2009/04/07/no-bake-strawberry-cheesecake/
שווארמה ביתית,http://www.bazekalim.com/2009/03/24/homemade-shwarma/
פודינג שוקולד מהיר,http://www.bazekalim.com/2009/02/27/chocolate-pudding/
עוף ברוטב רימונים ויין,http://www.bazekalim.com/2009/01/05/pomegranate-chicken/
עוגיות סנדוויץ' שוקולד,http://www.bazekalim.com/2008/11/28/chocolate-sandwich-cookies/
נודלס ברוטב בוטנים ללא בישול,http://www.bazekalim.com/2008/11/10/lighter-sesame-noodles/
"מפגשון ""בצק אלים"" + סרט",http://www.bazekalim.com/2008/10/30/bazekalim-cinemascope-meetup/
"צ'ילי ""מזוייף"" עם לחמניות תירס",http://www.bazekalim.com/2008/10/21/beef-and-cornbread-skillet-pie/
עוגת דבש קלה,http://www.bazekalim.com/2008/09/28/honeycake/
שני סלטים טעימים,http://www.bazekalim.com/2008/09/11/lentil-coleslaw-salads/
קאפקייקס שוקולד במלית גבינה,http://www.bazekalim.com/2008/08/13/black-bottom-cupcakes/
תבשיל פסטה זריז עם עוף,http://www.bazekalim.com/2008/07/19/spicy-chicken-pasta/
פאי דובדבנים,http://www.bazekalim.com/2008/06/26/cherry-pie/
גבינת שמנת ביתית,http://www.bazekalim.com/2008/06/09/homemade-creamcheese/
תפוח אדמה צלוי בקלי קלות,http://www.bazekalim.com/2008/05/21/baked-potato/
אננס בגריל עם קרם מסקרפונה,http://www.bazekalim.com/2008/05/10/grilled-pineapple/
מוס תותים במיוחד לפסח,http://www.bazekalim.com/2008/04/19/strawberry-mousse/
עוגיות אלפחורס,http://www.bazekalim.com/2008/04/09/alfajores/
מקומות לאכול בניו יורק,http://www.bazekalim.com/2008/03/24/best-of-nyc/
גלידת שוקולד ביתית (ללא מכונה),http://www.bazekalim.com/2008/03/06/chocolate-gelato/
פונדנט: עוגת שוקולד חמה,http://www.bazekalim.com/2008/02/14/molten-chocolate-cake/
מרק פטריות עשיר,http://www.bazekalim.com/2008/01/31/mushroom-soup/
ריבועי לימון,http://www.bazekalim.com/2008/01/08/lemon-bars/
נאגטס עוף עם רוטב תפוזים,http://www.bazekalim.com/2008/01/02/chicken-nuggets/
עוגת שוקולד של אמא,http://www.bazekalim.com/2007/12/09/moms-chocolate-cake/
בוחשים בקלחת: סיכום המרקים הגדול,http://www.bazekalim.com/2007/11/24/kalahat-wrapup/
מרק תפוחי אדמה,http://www.bazekalim.com/2007/11/20/potato-soup/
פילה דג במחבת עם סלסת מנגו,http://www.bazekalim.com/2007/11/09/fish-fillet-with-mango-salsa/
בוחשים בקלחת: פרוייקט כתיבה משותפת,http://www.bazekalim.com/2007/11/07/project-kalahat/
ריבועי TWIX מגונדרים,http://www.bazekalim.com/2007/10/19/twix-bars/
אנטיפסטי,http://www.bazekalim.com/2007/10/07/antipasti/
דג צלוי בתנור ברבע שעה,http://www.bazekalim.com/2007/09/28/roasted-fish/
קראמבל שזיפים,http://www.bazekalim.com/2007/09/22/plum-crumble/
ניוקי חגיגי,http://www.bazekalim.com/2007/09/12/gnocchi/
עוגת נקטרינות עסיסית,http://www.bazekalim.com/2007/09/08/nectarine-cake/
כבר מאוחר מידי ל – Blogday 2007?,http://www.bazekalim.com/2007/09/02/blogday2007/
לביבות בטטה,http://www.bazekalim.com/2007/08/18/yam-patties/
ריבת שזיפים ביתית,http://www.bazekalim.com/2007/08/11/plum-jam/
לחמעג'ון,http://www.bazekalim.com/2007/08/02/lahmajoon/
שטרודל תפוחים שנל,http://www.bazekalim.com/2007/07/28/apple-strudel/
תפוחי אדמה אפויים בתנור,http://www.bazekalim.com/2007/07/19/roasted-potatoes/
סלט יענו קפרזה,http://www.bazekalim.com/2007/07/03/caprese-salad/
תבשיל אורז עם עוף ותירס,http://www.bazekalim.com/2007/06/19/corn-rice-with-chicken/
עוגיות שוקולד צ'יפס,http://www.bazekalim.com/2007/06/15/chocolate-chip-cookies/
ריקוטה ביתית,http://www.bazekalim.com/2007/06/11/homemade-ricotta-2/
לימונדה,http://www.bazekalim.com/2007/06/01/lemonade/
צ'ילי קון קרנה,http://www.bazekalim.com/2007/05/30/chili-con-carne/
מוס שוקולד,http://www.bazekalim.com/2007/05/22/chocolate-mousse/
עוגת מיץ תפוזים,http://www.bazekalim.com/2007/05/19/orange-cake/
פוקאצ'ה,http://www.bazekalim.com/2007/05/15/focaccia/
סלט טאבולה,http://www.bazekalim.com/2007/05/11/tabouleh/
פחזניות,http://www.bazekalim.com/2007/05/04/cream-puffs/
בים בם בם,http://www.bazekalim.com/2007/04/30/corn-on-the-cob/
פסטה ברוטב שמנת,http://www.bazekalim.com/2007/04/27/fettucine-alfredo/
פאדג' בראוניז,http://www.bazekalim.com/2007/04/23/fudge-brownies/
סטייק אמיתי – ספיישל עצמאות,http://www.bazekalim.com/2007/04/17/beef-steak-barbecue-special/
סברינה,http://www.bazekalim.com/2007/04/14/sabrina/
עוגת גבינה של טלי,http://www.bazekalim.com/2007/04/08/talis-cheesecake/
אורז ברוטב בוטנים תאילנדי,http://www.bazekalim.com/2007/04/06/thai-peanut-rice/
עוף ברוטב לימון,http://www.bazekalim.com/2007/04/02/lemon-chicken/
פסטו ביתי,http://www.bazekalim.com/2007/03/31/homemade-pesto/
כיסוני בשר פטנט,http://www.bazekalim.com/2007/03/27/hot-pockets/
גרנולה ביתית,http://www.bazekalim.com/2007/03/19/homemade-granola/
לזניה,http://www.bazekalim.com/2007/03/15/lasagna/
מרק חורף כתום,http://www.bazekalim.com/2007/03/13/orange-soup/
סקונס,http://www.bazekalim.com/2007/03/13/scones/
קציצות ברוטב עגבניות על אורז,http://www.bazekalim.com/2007/03/09/meatballs/
